{"cameraMode":{"drawMode":0,"name":"Shaded","section":"Shading Mode"},"sceneLighting":true,"audioPlay":false,"sceneViewState":{"m_AlwaysRefresh":false,"showFog":true,"showSkybox":true,"showFlares":true,"showImageEffects":true,"showParticleSystems":true,"showVisualEffectGraphs":true,"m_FxEnabled":true},"in2DMode":false,"pivot":{"x":-4.274449825286865,"y":5.619894504547119,"z":-11.074705123901368},"rotation":{"x":0.11841791123151779,"y":0.27356088161468508,"z":-0.034056391566991809,"w":0.9540099501609802},"size":6.181978702545166,"orthographic":true}