{"cameraMode":{"drawMode":0,"name":"Shaded","section":"Shading Mode"},"sceneLighting":true,"audioPlay":false,"sceneViewState":{"m_AlwaysRefresh":false,"showFog":true,"showSkybox":true,"showFlares":true,"showImageEffects":true,"showParticleSystems":true,"showVisualEffectGraphs":true,"m_FxEnabled":true},"in2DMode":false,"pivot":{"x":1.6782004833221436,"y":1.9967695474624634,"z":7.113982200622559},"rotation":{"x":-0.016307955607771875,"y":0.9835898876190186,"z":-0.13592365384101869,"w":-0.11798664927482605},"size":4.070446968078613,"orthographic":true}