{"cameraMode":{"drawMode":0,"name":"Shaded","section":"Shading Mode"},"sceneLighting":true,"audioPlay":false,"sceneViewState":{"m_AlwaysRefresh":false,"showFog":true,"showSkybox":true,"showFlares":true,"showImageEffects":true,"showParticleSystems":true,"showVisualEffectGraphs":true,"m_FxEnabled":true},"in2DMode":false,"pivot":{"x":0.6685913801193237,"y":0.7148747444152832,"z":-3.4411003589630129},"rotation":{"x":-0.13719098269939423,"y":0.0005895321373827755,"z":-0.0000857267077662982,"w":-0.9905559420585632},"size":4.754337787628174,"orthographic":true}