{"cameraMode":{"drawMode":0,"name":"Shaded","section":"Shading Mode"},"sceneLighting":true,"audioPlay":false,"sceneViewState":{"m_AlwaysRefresh":false,"showFog":true,"showSkybox":true,"showFlares":true,"showImageEffects":true,"showParticleSystems":true,"showVisualEffectGraphs":true,"m_FxEnabled":true},"in2DMode":false,"pivot":{"x":-0.00013375282287597656,"y":0.07893934845924378,"z":-0.0016318019479513169},"rotation":{"x":0.17565518617630006,"y":0.699662983417511,"z":-0.18418091535568238,"w":0.6677308082580566},"size":0.534415602684021,"orthographic":true}