{"cameraMode":{"drawMode":0,"name":"Shaded","section":"Shading Mode"},"sceneLighting":true,"audioPlay":false,"sceneViewState":{"m_AlwaysRefresh":false,"showFog":true,"showSkybox":true,"showFlares":true,"showImageEffects":true,"showParticleSystems":true,"showVisualEffectGraphs":true,"m_FxEnabled":true},"in2DMode":false,"pivot":{"x":-0.2201390266418457,"y":2.217480421066284,"z":-1.8558526039123536},"rotation":{"x":0.35480955243110659,"y":0.061870016157627109,"z":-0.02361331321299076,"w":0.9326686859130859},"size":4.756538391113281,"orthographic":true}