{"cameraMode":{"drawMode":0,"name":"Shaded","section":"Shading Mode"},"sceneLighting":true,"audioPlay":false,"sceneViewState":{"m_AlwaysRefresh":false,"showFog":true,"showSkybox":true,"showFlares":true,"showImageEffects":true,"showParticleSystems":true,"showVisualEffectGraphs":true,"m_FxEnabled":true},"in2DMode":false,"pivot":{"x":-0.00013375282287597656,"y":0.07893934845924378,"z":-0.0016318019479513169},"rotation":{"x":0.0369335375726223,"y":-0.9569175839424133,"z":0.2521144449710846,"w":0.13987454771995545},"size":0.36871403455734255,"orthographic":true}