{"cameraMode":{"drawMode":0,"name":"Shaded","section":"Shading Mode"},"sceneLighting":true,"audioPlay":false,"sceneViewState":{"m_AlwaysRefresh":false,"showFog":true,"showSkybox":true,"showFlares":true,"showImageEffects":true,"showParticleSystems":true,"showVisualEffectGraphs":true,"m_FxEnabled":true},"in2DMode":false,"pivot":{"x":0.6922736167907715,"y":2.6423468589782717,"z":-4.922244548797607},"rotation":{"x":-0.15053924918174745,"y":-0.012758655473589898,"z":0.0019383415346965194,"w":-0.9885387420654297},"size":2.7907845973968508,"orthographic":true}