{"cameraMode":{"drawMode":0,"name":"Shaded","section":"Shading Mode"},"sceneLighting":true,"audioPlay":false,"sceneViewState":{"m_AlwaysRefresh":false,"showFog":true,"showSkybox":true,"showFlares":true,"showImageEffects":true,"showParticleSystems":true,"showVisualEffectGraphs":true,"m_FxEnabled":true},"in2DMode":false,"pivot":{"x":-0.06369002163410187,"y":2.4719181060791017,"z":-1.4701056480407715},"rotation":{"x":-0.7041140198707581,"y":0.006492824759334326,"z":-0.006294664461165667,"w":-0.710159182548523},"size":4.378469944000244,"orthographic":true}