{"cameraMode":{"drawMode":0,"name":"Shaded","section":"Shading Mode"},"sceneLighting":true,"audioPlay":false,"sceneViewState":{"m_AlwaysRefresh":false,"showFog":true,"showSkybox":true,"showFlares":true,"showImageEffects":true,"showParticleSystems":true,"showVisualEffectGraphs":true,"m_FxEnabled":true},"in2DMode":false,"pivot":{"x":-0.06369002163410187,"y":2.4719181060791017,"z":-1.4701056480407715},"rotation":{"x":-0.2778681814670563,"y":-0.02154412865638733,"z":0.006343038287013769,"w":-0.9604524374008179},"size":4.245087146759033,"orthographic":true}